,name
ALLBIRDS INC,488
GOLDMAN SACHS INTERNATIONAL,360
WEWORK COS INC,289
PROJECT BRIDGE SHELL,282
Lehman Brothers Holdings Inc,276
SWEETGREEN INC,275
"WeWork Companies, Inc.",263
Washington Mutual Bank,255
SPACE EXPLORATION TECHNOLOGIES CORP,251
ALLBIRDS,240
SOCIAL PROFESSIONAL LOAN PROGRAM,224
T-MOBILE USA INC,206
UiPath Inc.,184
Banco Espirito Santo SA,168
Magic Leap Inc,165
23ANDME INC,158
Palatir Technologies Inc,144
SCHULMAN INC- CONTINGENT VALUE RIGHTS,144
OUTSET MEDICAL INC,143
TEXAS COMPETITIVE ELECTRIC HOL,140
QUINTIS (AUSTRALIA) PTY LIMITED,132
RISKIFIED,129
FERROGLOBE UNIT,128
AIRBNB INC,126
J.P. MORGAN CHASE BANK NA,124
AIRBNB INC SERIES D CVT PFD CONVERTIBLE PRFD STOCK (PRIV P,122
NMC Health PLC,118
INTARCIA THERAPEUTICS INC,117
VENTURE CORP LTD,114
"Venture Global LNG, Inc",114
DAVIDS BRIDAL INC,112
Ion Media Networks Inc,111
BGP HOLDINGS PLC,110
VENTURE HOLDINGS TRUST,109
PAX LABS INC,109
SANCHEZ ENERGY CORP,108
FERROGLOBE REP + WRNTY INS TRU NON TRANSFERABLE BENE INT UNIT,105
TOAST INC,101
JAND INC,101
ROOFOODS LTD (DELIVEROO) SR G CVT PFD PP,97
MAGIC LEAP INC,96
UIPATH INC,93
PAX LABS CLASS A COMMON PP,92
UIPATH INC SER D-2 CVT PFD STOCK PP,91
UIPATH INC SER D-1 CVT PFD STOCK PP,91
NEUTRON HOLDINGS INC,88
HONEST CO INC (THE),87
STARRY INC,86
SERVICETITAN INC,84
QUINTIS PTY LIMITED,84
NUVATION BIO INC,82
TANIUM INC,81
ANT INTERNATIONAL CO LTD,80
RIVIAN AUTOMOTIVE SER D CVT PFD STK PP,80
FERROGLOBE REP + WRNTY INS TRU,79
MULBERRY HEALTH INC,76
Roofoods Ltd. (DBA Deliveroo),76
Ajax Mortgage Loan Trust,76
RIVIAN AUTOMOTIVE SER D CV TC6WWEPT2,76
LV TOWER 52 ISSUER LLC ELV_13-1,76
Best World International Ltd,76
AZ. BGP HOLDINGS,75
TOAST INC CVT PFD SR D PP,75
Paragon Offshore Finance Company,75
Aurora Innovation,73
GM Cruise Holdings,73
Xiaoju Kuaizhi Inc,73
JAND INC (DBA WARBY PARKER) CVT SER E PP,73
PIONEER ENERGY SERVICES,72
Virgin Australia Holdings Ltd,72
XIAOJU KUAIZHI INC,72
HARMONY BIOSCIENCES II INC,72
K2016470219 SA LTD,72
ROOFOODS LTD,71
GOODMAN NETWORKS INC,70
CLAIRE'S PRIVATE PLACEMENT,70
ANT INTERNATIONAL,70
CLAIRE'S STORES INC CNV PFD,70
CODIAK BIOSCIENCES INC,69
CASTLE CREEK PHARMACEUTICAL HOLDINGS INC,68
REI AGRO LIMITED,66
PROJECT SAMSON HEALTH,66
PROJECT BARKLEY,66
ALLBIRDS  INC.,66
VISTA ENERGY CORP. RIGHTS,66
SONDER HOLDINGS INC,66
ROOFOODS LTD (DELIVEROO),66
PROJECT LIGHTHOUSE SERIES F,66
PROJECT LIGHTHOUSE COMMON,66
SERVICETITAN INC PP,65
A PLACE FOR ROVER INC,65
FARMERS BUSINESS NETWORK INC,65
Templar Energy LLC,65
CHECKR INC CVT PFD SR D PP,65
NCINO INC PP,64
ARATANA THERAPEUTICS- CVR,64
Chesapeake Energy Corp,64
GENERATION BIO,63
AURORA INNOVATION INC,63
UNITED PF HOLDINGS LLC,62
AURORA INNOVATION SER B CVT PFD STOCK PP,62
China Animal Healthcare Ltd,62
WATERFORD GAMING LLC/WAT,62
BIRD RIDES INC,62
ROOFOODS LTD (DELIVEROO) PP,61
TRICER HOLDCO S.C.A.,60
"J. Crew Group, Inc.",60
EXPRO HOLDINGS US INC,58
TRIBUNE RESOURCES INC,58
YUMANITY HOLDINGS LLC,58
MORAN FOODS LLC,58
THOMAS COOK GROUP PLC,57
BVRT_19-1F,57
"JPMorgan Chase Bank, National Association",57
STRIPE INC CL B COMMON PP TC2A5IVT8,57
Morgan Stanley & Co. LLC,57
FANNIE MAE,56
UBS,56
SNOWFLAKE COMPUTING INC,56
SOUTHEASTERN GROCERS INC,56
DOORDASH PP SERIES G,55
CAZOO HOLDINGS LIMITED,55
BLINK HEALTH LLC,55
Ezion Holdings Ltd,54
AIRBNB INC CVT 0  1/24 E PP PREFERRED STOCK,54
PROJECT SAMSONITE,54
Camsing International Holding Ltd,54
Ceragon Networks Ltd,54
DMX Technologies Group Ltd,54
Swiber Holdings Ltd,54
Gold-Finance Holdings Ltd,54
International Ferro Metals Ltd,54
A TEC Industries AG,54
Tiger Resources Ltd,54
CW Group Holdings Ltd,54
New World Resources PLC,54
Blue Sky Alternative Investments Ltd,54
Intercell AG,54
China Solar Energy Holdings Ltd,54
DOGWOOD STATE BANK,54
China Baoli Technologies Holdings Ltd,54
Brightoil Petroleum Holdings Ltd,54
Abterra Ltd,54
Manitok Energy Inc,54
Banca Carige SpA,54
Ezra Holdings Ltd,54
Midas Holdings Ltd,54
Convoy Global Holdings Ltd,54
IDM International Ltd,54
Burwill Holdings Ltd,54
Hyflux Ltd,54
Bel Global Resources Holdings Ltd,54
Up Energy Development Group Ltd,54
Rickmers Maritime,54
Caja de Ahorros del Mediterraneo,54
CAMILLO 2016 SFR1 12/23 5,54
ANT INTERNATIONAL CO. LIMITED CLASS C SHARES,54
TROPICANA ENT LLC/FIN,53
PLEX SYSTEMS HOLDINGS CVT,53
APPNEXUS INC,52
MORGAN STANLEY CAPITAL SERVICES LLC,52
"Interface Security Systems, LLC",51
Hercules Offshore Inc,51
RIVIAN AUTOMOTIVE SER D CV,49
BRISTOW GROUP INC,48
Midwest Vanadium Pty Ltd,48
SEISMIC SOFTWARE SER E CVT PFD STOCK PP,48
EG FINCO LTD,48
CHECKR INC,48
T MOBIL ESCROW SHARES,48
AED Oil Ltd,48
PAGAYA AI DEBT SELECTION TRUST I PAID_19-1,48
"ALCLEAR HOLDINGS, LLC",48
CHECKR INC COMMON STOCK PP,48
CITIGROUP GLOBAL MARKETS INC.,47
REMINGTON OUTDOOR CO INC,47
FGI OPERATING CO LLC,47
GOODMAN NETWORKS PFD,46
MEDIA GENERAL INC,46
LANDSBANKI ISLANDS ESC 08/20 0,45
BYTEDANCE LTD CVT PFD SR E PP,45
TOPS MARKETS CORP,45
BNP PARIBAS SA,44
RPI INTERNATIONAL HOLDINGS LP,44
"David's Bridal, Inc.",44
AIRBNB,44
ALLBIRDS INC.,44
1STDIBS.COM SER D CVT PFD STOCK PP,43
CONVOY SERIES C CVT PFD STOCK PP,43
A PLACE FOR ROVER INC PP,43
SOUND BANK NON-VOTING COMMON STOCK PP,43
SOUND BANK VOTING COMMON STOCK PP,43
SOUND BANK WTS 5/24 PP,43
GRASSHOPPER BANCORP VOTING SHS PP,43
Fortune Oil Ltd/UK,42
Tobira Therapeutics Inc,42
Uni Land SpA,42
Afren PLC,42
CONVOY SERIES D CVT PFD STOCK PP,42
CLAIRE'S STORES INC,42
k1 Ventures Ltd,42
UNTRADE.HSIN CHONG GP,42
Stornoway Diamond Corp,42
FREEMAN FINTECH CORP LTD,42
Sino Forest Corporation,42
FRONERI US INC,42
BOLT THREADS INC,41
LOOKOUT INC,41
MOMENTIVE PERFORMANCE,40
VENTURE GLOBAL LNG INC SR C PP,40
BANCO ESPIRITO SANTO SA,40
HAIGHTS CROSS COMMUNICATIONS INC,40
CALPINE CORP,40
CARBON INC,40
SECURUS TECHNOLOGIES HLDS,40
WAYMO LLC,40
ZIFF DAVIS HOLDINGS INC.,40
VENTURE GLOBAL LNG INC SR B P,40
CITIBANK NA,40
Adelphia Escrow,40
AMERMT_93-3,40
TOBIRA THERAPEUTICS IN,39
Roundpoint Mortgage Servicing Corp.,39
ANT INTERNATIONAL CO. LIMITED,39
CLOVER HEALTH,39
Blu Homes Inc,39
FTF_19-1A,38
DT ASSET TRUST DTAT_17-B,38
IAP Worldwide Services LLC,38
CP_16-SFR1,38
KSBA_12-2,38
VM DEBT LLC VMD_19-1,38
ALIGNMENT HEALTHCARE PAR,38
GRASSHOPPER BANCORP WTS,38
CONIX MORTGAGE ASSET TRUST CONIX,38
SART_18-1,38
KSBA_13-2,38
AMERICAN AIRLINES GROUP INC,38
Toyota Motor Credit Corporation,38
COOF_14,38
STRIPE INC CL B COMMON PP,38
AMERICOLD LLC TRUST ACRE_10-ARTA,38
KSBA_14-2,38
SART_17-1,38
AMERILIFE HOLDINGS LLC,37
"DOORDASH INC, PP SERIES H",37
NEW COTAI LLC / NEW COTAI CAP CORP,37
WAYMO LLC SER A-2 CVT PFD UNITS PP,37
TRIBUNE MEDIA CO,36
T MOBILE ESCROW BOND,36
IHEART ESCROW BOND,36
IHEARTCOMMUNICATIONS INC,36
CuDeco Ltd,36
HUISHAN DAIRY,36
Conix Inc,36
QUINTIS AUS PTY LTD,36
"Ascent Resources Marcellus Holdings, LLC",36
ZHENGQI FINANFICAL RTS,36
Millennium Minerals Ltd,36
Datalex PLC,36
FEDERAL NAT MTG ASN GTD REM PA,36
APPVION INC COM USD 1,36
VENTIA DECO LLC,35
UC HOLDINGS INC,35
ALLOVIR INC,34
EG AMERICA LLC,34
"AGILON HEALTH TOPCO, INC. COMM",34
ON HOLDING AG,34
FLIPKART  ESCROW RECEIVABLE,34
DATABRICKS SER F CVT PFD STCK PP,34
SAL TopCo LLC Equity Units,34
ACTUA CORP,34
"VROOM INC, PP",34
"AIRBNB, INC. SERIES E CONVERTIBLE",34
GN FLD ENG SVCS ESCROW,33
ALDER BIOPHARMACEUTICALS INC COMMON STOCK,33
AIMBRIDGE ACQUISITION CO,33
LMBE-MC HOLDCO II LLC,32
MORGAN STANLEY & COMPANY LLC,32
Associated Materials Group Inc,32
FANNIE MAE FNMA_20-M10,32
PIONEER ENERGY SERVICES CORP,32
CB LEAR CORPORATION  B,32
AFFIRM INC,32
BIG RIVER STEEL LLC,32
PROPER PASS-THRU TRUST II PPT2_19-ST2,32
II-VI INC,32
CITGO PETROLEUM CORP,32
CB LEAR CORPORATION,32
AT HOME CORP,32
PROCORE TECHNOLOGIES PP,31
GM CRUISE HLDG CL F CVT PFD PP,31
TEXGEN POWER LLC,31
REDDIT INC,31
CENVEO CORP,31
SPORTS AUTH INC NEW,31
EXIDE TECHNOLOGIES,31
STARWOOD WAYPOINT HOMES TRUST SWH_17-1,30
SpeedCast International Ltd,30
ALTIOSTAR NETWORKS INC,30
Hanfeng Evergreen Inc,30
SRH NV,30
Collection House Ltd,30
"DAVID S BRIDAL, LLC WARRANT",30
Lightstream Resources Ltd,30
ASAC II LP,30
"DAVID S BRIDAL, LLC SERIES B C",30
UNTRADE.PAC ANDES INTL HLDGS,30
Answers.com Corp,30
David's Bridal LLC,30
"DAVID S BRIDAL, LLC SERIES A",30
DATABRICKS INC.,30
CREDIT SUISSE COMMERCIAL MORTGAGE TRUST CSMC_19-RPL1,30
TOAST SERIES F CVT PFD STOCK PP,30
Morning Star Gold NL,30
TOPS MARKETS LLC,30
ALPHA NAT RES INC,29
STEMCENTRX INC,29
CONVOY INC,29
IMMUNOCORE LTD,29
Topicus.com Inc,29
BUTTERFLY NETWORK INC,28
BCPE EMPIRE HOLDINGS INC,28
GROWMAX RESOURCES CORP,28
DOORDASH SER G CVT PFD STOCK PP,28
WEWORK COMPANIES INC,28
CSMA SFR HOLDINGS II 3.5 CSMA SFR HOLDINGS II CSMA,28
AVSC HOLDING CORP,28
ORIC PHARMACEUTICALS INC,28
GRASSHOPPER BANCORP WTS 10/28 PP,27
EPIC GAMES INC PP,27
FLEET US BIDCO INC,27
ALLSTAR CO-INVEST BLOCKER LP,27
HAUL HUB SER B CVT PFD STOCK PP,27
JAND INC (DBA WARBY PARKER) CVT SER F PP,27
CALAMOS ASSET MANAGEMENT ESCROW SHARES,27
SINO-FOREST CORP,27
EPIC GAMES INC,27
TOPGOLF INTERNATIONAL INC,27
RIVIAN AUTO SER E CVT PFD STOCK PP,26
LV TOWER 52 ISSUER LLC,26
MRIYA FARMING B ORDINARY SHS PP,26
MRIYA FARMING,26
MRIYA FARMING PLC ESCROW,26
TIDEWATER INC,26
DOXIMITY INC,25
TEMPUS LAB SERIES E CVT PFD STOCK PP,25
TEMPUS LABS INC,25
CITGO HOLDING INC,25
BLACKSTONE PARTNERS OFFSHORE,25
JHL BIOTECH INC,25
ZENECA INC,25
EVERNOTE,25
TEMPUS LABS SERIES F CVT PFD STOCK PP,25
WAYMO LLC SERIES A 2 CVT PFD UNITS,25
KARDIUM INC SER D-5 CVT PFD STOCK PP,25
VROOM INC SERIES H CVT PFD STOCK PP,25
EVOLVE VACA RENT NET,25
ACERTA PHARMA B.V.,25
Ginkgo Bioworks Series E CVT Pfd Stock,25
EPIC GAMES INC PP TC6AR9CH7,25
SPECTACLE GARY HOLDING,24
Zenith Capital Corp,24
STEQ/PB BARCLAYS BANK COC,24
TELFORD OFFSHORE,24
Fuguiniao Co Ltd,24
FANNIE MAE FNMA_19-60,24
SHANGHAI FOSUN PHAR-RTS,24
CLEARWATER PAPER CORP,24
National Agricultural Holdings,24
China Fishery Group Ltd,24
ROBERTSHAW US HOLDING,24
ONCTERNAL THERAPEUTICS INC,24
HOMEWARD OPPORTUNITIES FUND I TRUST HOF_18-2,24
FIRST BANKS INC - CLASS C RETA,24
LIGHTSTREAM RESOURCES LTD,24
EVERI PAYMENTS INC,24
ARI INVESTMENTS LLC,24
Mood Media Warrants,24
GENON HLDGS CLASS A,24
LFRF_15-1-A 3.500 30-OCT-2027,24
TECH PRO,24
FERROGLOBE REPRESENTATION,24
RNTR SEER FINANCING,24
ANGEL OAK MORTGAGE TRUST AOMT_18-3,24
CENGAGE LEARNING ESCROW BL,24
ZHENGQI FINANCIAL RIGHTS,24
Hsin Chong Group Holdings Ltd,24
"MADISON PARK FUNDING, LTD.",24
ONSLOW BAY FINANCIAL LLC OBX_19-EXP1,24
MAPLEBEAR DBA INSTACART PP,24
Sugih Energy Tbk PT,24
PENSON WORLDWIDE,24
HANERGY MOBILE ENERGY HLDG,24
FAGRI ER2 HOLDINGS LLC,24
Anxin-China Holdings Ltd,24
J.P. MORGAN MORTGAGE TRUST,24
CALIBER HOME LOANS,24
NATGASOLINE,24
CENGAGE LEARNING ESCROW CORP,24
Thomas Cook Group PLC,24
PAGAYA AI DEBT SELECTION TRUST I PAID_19-3,24
"Sheridan Investment Partners II, L.P.",24
EPI ER2 HOLDINGS LLC,24
Pretium Mortgage Credit Partners I,24
Tenwow International,24
MINGFA GROUP,24
Pacific Andes International Holdings Ltd,24
ACV AUCTIONS INC,24
Onsite Rental Group Pty Ltd,24
PENSON TECHNOLOGIES CLASS B UN,24
HANFENG EVERGREEN Inc,24
MORNING STAR GOLD NL,24
Pioneer Energy Services Corp,24
"CHINA MEDICAL TECHNOLOGIES, IN",24
"Citibank, National Association",24
Sinovac Biotech Ltd,24
MEDIA GENERAL CVR,24
Interface Security System,24
CSMC_20-WL1,24
ZEKELMAN INDUSTRIES INC,24
MPH ACQUISITION HOLDINGS,24
USASF RECEIVABLES USAUT_17-1,24
DIAMOND SPORTS GROUP LLC,24
AMBIT BIOSCIENCES CORP,24
T-MOBILE US INC,24
"SNOWFLAKE INC CLASS B COMMON STOCK, PRIVATE",24
SUPERLOOP LTD - RIGHTS,24
YANKA INDUSTRIES INC,24
CAPITAL TR RE CDO 05-1 LTD COR,24
PLH GROUP INC,24
ESCROW BLACK ELK ENERGY LLC,24
HARMONICARE,24
HALCON RES CORP CALL EXP 09SEP20,24
Southcross Holding GP LLC,24
CT Environmental Group Ltd,24
MOS RU MTS 5% 08/22/2034,24
THE SPORTS AUTHORITY INC,24
ALCAP ER2 HOLDINGS LLC,24
ILLUMINATED HOLDINGS INC,24
TABERNA PFD FDG III LTD/TABERN A PFD FDG III INC,24
Pan American Silver Corporation,24
ELLINGTON FINANCIAL MORTGAGE TRUST EFMT_18-1,24
Sino-American Electronic Co Lt,24
AMERICAN MEDIA OP R/B/R,24
"FGI OPERATING COMPANY, LLC",23
AGBIOME LLC,23
PARAGON BIOSCIENCES EMALEX CAPITAL INC,23
JET.COM INC,23
NOHLA THERAPEUTICS INC,23
SUNEDISON INC,23
DATAMINR INC,23
YOURPEOPLE INC,23
TABOOLA.COM LTD,23
GENERAL MOTORS ESCROW BOND,23
NII HOLDINGS INC,23
JAND INC. CLASS A COMMON SH,23
DOXIMITY SER C CONVERTIBLE,22
RENT THE RUNWAY SER F CVT,22
UIPATH INC SER E CVT PFD STOCK PP,22
TEMPUS LABS INC CVT PFD SERIES,22
GINKGO BIOWORKS,22
TOAST SERIES B CVT PFD STOCK,22
JETCLOSING INC SR A CVT,22
JAND INC. CLASS E COMMON SH,22
PAX LABS,22
TOAST SERIES E CVT PFD STOCK,22
A PLACE FOR ROVER INC SR G CVT,22
NMG HLDS CO INC / NEIMAN MARCUS GROUP LLC,22
TOAST INC PP,22
SWEETGREEN INC CVT SER G PP,22
1STDIBS.COM SER D CVT PFD STOC,22
ELEMENT BIOSCIENCES INC,22
EVOLVE VACA RENT NET CVT P,22
GO MAPS INC CVT PFD SR B PP,22
MESOSPHERE INC SR D CVT PFD PP,22
TRION WORLD NETWORK INC,22
SEISMIC SOFTWARE HOLDINGS INC.,22
ZENPAYROLL INC CVT PFD SER,22
MINTED INC.,22
ZENPAYROLL ( GUSTO ) SER D CV,22
CONVOY SERIES C CVT PFD STOCK,22
FARMERS BUSINESS NETWORK INC S,22
SWEETGREEN INC CVT,22
SERVICETITAN INC SR A 1 CVT PF,22
KARDIUM INC SER D 5 CVT PFD,22
TEMPUS LAB SERIES E CVT PFD,22
SERVICETITAN INC SR D CVT PF,22
DRAGONFLY THERAPEUTICS INC,22
TEMPUS LABS SERIES F CVT PFD,22
GRASSHOPPER BANCORP INC,22
CHECKR  INC. PP,22
CHECKR INC CVT PFD SR C PP,22
CALIFORNIA RESOURCES CORPORATION,21
UIPATH INC SER D 2 CVT PFD ST,21
GAVILAN RESOURCES LLC,21
PRIME AET&D HOLDINGS NO 1,21
SINO FOREST ESC,21
BANIJAY GROUP US HOLDING,21
CHICAGO PARKING METERS LLC PRI,21
CONSOLIDATED ENERGY FIN SA,21
"DOORDASH INC, PP",21
PERSEUS HOLDING CORP,21
PERSEUS HLDG CORP,21
ASCENT CLASS A COMMON STO,21
MILLICOM 11/15/26 ESCROW,21
US,21
SAMSON INVT CO SR NT,21
CLASS 1C LITIGATION INTER,21
GM CRUISE HOLDINGS,21
UIPATH INC SER D 1 CVT PFD ST,21
"Valitas Holdings, Inc.",20
OW Bunker A/S,20
ROUNDPOINT MORTGAGE SERVICING,20
FNMA BALLOON POOL,20
Battalion Oil Corp,20
TERRA-GEN FINANCE CO LLC,20
OFFERUP INC,20
STEINWAY MUSICAL INSTRUM,20
HOUZZ INC,20
ZENPAYROLL INC,20
NEW HOLDCO SERIES A UNITS,20
OUTSET MEDICAL SERIES D CVT PFD STOCK PP,20
BATTALION OIL WTS CALL EXP 8OCT2022,20
REFLEXION MEDICAL INC,20
MILM ER2 HOLDINGS LLC,20
TAMKO BUILDING PRODUCTS INC,20
FNMA 30YR POOL /XX/ZZZ138602,20
Pihsiang Machinery Manufacturing Co Ltd,20
BLUCORA INC,20
Adelphia Communications Corp,20
ASG WT CORP COMMON STOCK,20
VERILY LIFE SCIENCES LLC SER B UNITS PP,20
BMKAUPTHING BANK HF 02/20 7.625,20
Chong Sing Holdings FinTech Gr,20
QATAR NATIONAL BANK QPSC,20
AGRO MERCHANTS INTERMEDI,20
UFC HOLDINGS LLC,20
FREENOME HOLDINGS SER B CVT PFD PP,20
DELPHIX CORP,20
WTS BATTALION OIL WTS CALL EXP 08OCT22,20
INVEX/CREDITO Y CASA,20
EZION HOLDINGS LTD WARRANT,20
/US/99Z03QI47 HONEST CO/THE,19
OMTHERA PHARMACEUTICAL CVR,19
"The Honest Company, Inc.",19
VERACODE INC PP,19
CONTRA GTX INC DEL,19
ONE KINGS LANE ESCROW,19
FANIFB ER2 HOLDINGS LLC,19
Nanigans Inc,19
VOR BIOPHARMA INC,19
"CALAMOS ASSET MANAGEMENT, INC.",19
MARKLOGIC CORPORATION,19
RAPPI INC SER E CVT PFD,19
"ANT INTL CO, LTD CL C NV SHS P COMMON STOCK PP",19
Tanium Inc,19
ALIGNMENT HEALTHCARE PARTNERS LP,19
Ameriforge Group Inc.,18
"WEWORK COMPANIES, INC CLASS A",18
Freedom Foods Group Ltd,18
GRAND ROUNDS INC,18
COUPANG,18
Caledonia Mining Corp PLC,18
LIVENT INC,18
"GRAND ROUNDS, INC   OPERATING",18
ROOFOODS LTD (DELIVEROO) RP,18
Pan American Silver Corp,18
FORBES ENERGY SERVICES LLC,18
BIO CITY DEVELOPMENT CO,18
TURN INC,18
JAWBONE HEALTH HUB INC,18
CHINA HONGXING SPORTS LTD,18
CONVOY SERIES D CVT,18
Zenith Capital Corp/Canada,18
Recylex SA,18
ACNR HOLDINGS INC,18
BYTEDANCE LTD,18
THERMON HOLDING CORP,18
DOORDASH SER H CVT PFD STOCK,17
RIVIAN AUTOMOTIVE INC,17
ENERGY RESERVOIR HLDG LLC TAX BLOCKER PP,17
ASTRAZENECA PLC,17
CUI ACQUISITION CORP,17
Option Care Health Warrants Class B,17
ANI PHARMACEUTICALS INC,17
FANATICS INC,17
ATLANTIC AVIATION FBO INC,17
CABAZON FINANCE AUTHORITY,17
ON HOLDING AG PP,17
ACPRODUCTS INC,17
WYNN RESORTS FINANCE LLC,17
Option Healthcare Inc Class A Warrants,17
RAPPI INC SER E CVT PFD PP,17
BRIGHTVIEW LANDSCAPES,16
BELLEMEADE RE LT BMIR_20-1A,16
TIBCO SOFTWARE INC,16
Bristow Group Inc,16
EXCELITAS TECHNOLOGIES,16
APRO LLC,16
MHI HOLDINGS LLC,16
HIGH POWER EXPLORATION INC,16
Wheelock & Co Ltd,16
MOOD MEDIA CORP,16
CBS RADIO INC,16
Chesapeake Oilfield,16
DEERFIELD DAKOTA HOLDING,16
MED PARENTCO LP,16
Ledo dd,16
VECTRA CO,16
UNIVERSITY SUPPORT SERVICES,16
Real Gold Mining Ltd,16
Murray Energy Corporation,16
Asian Citrus Holdings Ltd,16
Afriland Properties PLC,16
Waterford Gaming LLC / Waterford Gaming Financial Corp,16
GEMS MENASA CAYMAN LTD,16
Debenhams PLC,16
ADVANCED DRAINAGE SYSTEMS,16
LANDRY'S FINANCE ACQ,16
AVAYA INC,16
Flight Centre Travel Group Ltd,16
ASURION LLC,16
MWO Holdings LLC,16
QUICKSILVER RESOURCES INC,16
PRETIUM MORTGAGE CREDIT PARTNERS I,16
GULF FINANCE LLC,16
TTM TECHNOLOGIES INC,16
OMSR_2019-PLS1,16
CONSOL ENERGY INC,16
EXGEN RENEWABLES IV LLC,16
FF Group,16
HAMILTON HOLDCO LLC,16
PLAYPOWER INC,16
SCHULMAN A INC CVR COM,16
CALLAWAY GOLF CO,16
HERITAGE POWER LLC,16
"OUTSET MEDICAL, INC.",16
THE VANGUARD GROUP INC,16
HANJIN INTERNATIONAL COR,16
GENERATION BIO SER C,16
CPV SHORE HOLDINGS LLC,16
ESC SEVENTYSEVENENERG 07/22 6.5,16
CIPFINS SS HOLDINGS LLC,16
FOUNDATION FINANCE TRUST FFIN_19-1A,16
CITADEL SECURITIES LP,16
SABRE INDUSTRIES INC,16
VERICREST OPPORTUNITY LOAN TRANSFEREE VOLT_18-FT1,16
SPRINT COMMUNICATIONS,16
Hemisphere Properties India Lt,16
CHASSIX HLDGS INC,16
AFG Holdings Inc,16
Kabbage Funding LLC,16
"Millennium Health, LLC",16
LSTAR 19-1 SECURITIES FINANCING LOAN/TERM,16
GOLDMAN SACHS LENDING PARTNERS,16
ALTICE FINANCING SA,16
Unilever Ghana Ltd,16
HEXION INC,16
JP MORGAN (SU CASITA),16
GOLDMAN SACHS BANK USA,16
Mood Media Corp,16
PALANTIR TECHNOLOGIES INC,16
QUIDDITCH ACQUISITION,16
WINDSTREAM SERVICES LLC,16
18 FREMONT STREET ACQUIS,16
UCI International Holdings Inc,16
Landry's Finance Acquisition Co,16
ALTUS SAN NICOLAS CORP,16
DATABRICKS INC PP,16
Empresas ICA SAB de CV,16
Choppies Enterprises Ltd,16
ELANCO ANIMAL HEALTH INC,15
DATABRICKS INC. SERIES F CONVERTIBLE,15
CARIS LIFE SCIENCES SER C CVT PFD PP,15
RIVIAN AUTO SER E CVT PP TC8C6QKG9,15
DOORDASH PP,15
FARADAY PHARMACEUTICALS INC,15
CAVA GROUP SER E CVT PFD,15
MAPLEBEAR DBA INSTACART,15
INDUSTRIAL SVCS AMER INC FLA,15
AKOUOS INC,15
NEUROBO PHARMACEUTICALS INC,15
ALDER BIOPHARMACEUTICALS INC,15
SALARIUS PHARMACEUTICALS INC,15
ROYALTY PHARMA PLC,15
DOORDASH INC,15
ALIGNMENT HEALTHCARE PARTNERS,14
GOODBULK LTD,14
NMC HEALTH PLC,14
"RDV RESOURCES, INC.  CLASS A",14
BUZZ MERGER SUB LTD,14
DBI INVESTORS INC SERIES A 1,14
HASHICORP INC PP,14
HAUL HUB INC.,14
SEER INC,14
SNOWFLAKE INC PP,14
NERDWALLET CLASS A,14
RIVIAN AUTO SER E CVT,14
TEMPUS LABS SERIES G CVT PFD,14
TEMPUS LAB SERIES G CVT PFD,14
Libbey Glass Inc.,14
TOAST SERIES F CVT PFD STOCK,14
RENT THE RUNWAY SER G CVT,14
Cxloyalty Group Holdings Inc,14
HASHICORP SER E CVI PFD PP,14
P4 SFR HOLDCO LLC 2019 STL A,14
"RDV Resources Properties, LLC",14
"C3AI, INC SERIES D",13
DEST2 ER2 HOLDINGS LLC,13
"C3AI, INC SERIES E",13
VVC HOLDING CORP,13
CLARIOS GLOBAL LP,13
Nordic Aviation Capital Dac (Series I Senior Note),13
CSEMC 2020-1OTF A,13
PROCORE TECH SER B CVT PFD,13
SEER SER D CVT PFD STOCK PP,13
DG INVESTMENT INTERMEDIATE HOLDINGS 2 INC,13
UIPATH INC SER E CVT PFD TC1J4V6W3,13
FELIX ENERGY,12
BOMBARDIER RECREATIONAL,12
Tobria Therapeutics Inc,12
CREST CLARENDON STR 02 1 LTD,12
Draftkings Inc,12
RNTR Seer Financing,12
AMPLIFY ENERGY CORP,12
KEYSTONE POWER/CONEMAUGH,12
FHLMC 30YR POOL /XX/ZZZ138601,12
FNMA BALLOON POOL /XX/ZZZ138103,12
Southern Cross Media Group Ltd,12
XOMETRY SER B CVT PFD STOCK PP,12
KKR Financial CLO Ltd,12
CWMBS REPERFORMING LN REMIC TR,12
Whiting Petroleum Corp,12
REDDY ICE HOLDINGS INC,12
HARBOURVEST PARTNERS LP,12
Carclo PLC,12
VROOM INC SERIES G CVT PFD STO,12
OOH!MEDIA LTD - RTS,12
NEW COTAI LLC,12
Elec & Eltek International Co Ltd,12
KINGPIN INTERMEDIATE HO,12
FNMA BALLOON POOL /XX/ZZZ138204,12
AMR HMS 15-SFR2,12
XOMETRY SER A-2 CVT PFD STOCK PP,12
Samarco Mineracao S.A.,12
FLAME BIOSCIENCES INC PP,12
VERTIV GROUP CORP,12
CREST DARTMOUTH STR 03 1 LTD,12
VISKASE COS INC,12
XOMETRY SER C CVT PFD STOCK PP,12
ACRE TL 2017 A FRN 15 DEC 2020 ACRE TL 2017 99T1RDOZC,12
FORTUNE OIL,12
GOLDMAN SACHS & CO LLC,12
FNMA BALLOON POOL /XX/ZZZ138501,12
INVENERGY THERMAL OPERATING,12
AYALA LAND-PREFERENCE,12
Schulman A Inc,12
Solocal Group,12
GROWTHCO WU HOLDINGS LLC,12
Uni Land S.p.A.,12
Altus San Nicolas Corp,12
EP ENERGY CORP,12
Zenith Capital Corp/Alberta,12
SNS REAAL NV,12
COLOR GENOMICS,12
ION MEDIA NETWORKS INC,12
TABERNA PFD FDG VI LTD / INC,12
SOLENIS INTERNATIONAL LP,12
XOMETRY SER E CVT PFD STOCK PP,12
MCM Capital LLC,12
GOLDEN NUGGET,12
GROWTHCO AB HOLDINGS LLC,12
RODAN & FIELDS LLC,12
GROWTHCO MP HOLDINGS LLC,12
GREENFIELDENG ESCROW CUSIP 144,12
DA VINCI PURCHASER CORP,12
Webjet Ltd,12
ASCEND PERFORMANCE MATER,12
Sole Realisation Co Plc,12
Esprit Holdings Ltd,12
Sberbank of Russia PJSC,12
COCHLEAR LTD,12
Almacenes Exito SA,12
VM CONSOLIDATED INC,12
PENHALL ACQUISITION COMPANY,12
Pluton Resouces Ltd,12
COLOR GENOMICS UNSEC PROM NOTE PP,12
CREST 2004-1 LTD/CORP,12
GROWTHCO CB HOLDINGS LLC,12
K1 VENTURES LTD,12
AMER ROCK SALT CO LLC,12
Shearer's Foods LLC,12
FNMA BALLOON POOL /XX/ZZZ138102,12
Acceleron Pharma Inc,12
SP PF BUYER LLC,12
FRONTDOOR INC,12
GROWTHCO TB HOLDINGS LLC,12
SRH N.V.,12
PROJECT ALPHA INTERMEDIA,12
AFFERENT PHARMA,12
MRAIT_20-7,12
Dacian Gold Ltd,12
NORTEL NETWORKS CORP,12
Reitmans Canada Ltd,12
EXTELL BOSTON,12
ALLEGIANT TRAVEL CO,12
MCM TRUST 2018-NPL2,12
Deerfield Dakota Holding LLC,12
Angel Oak Mortgage Trust,12
Legend Holdings Corp,12
SIAM CEMENT PUB CO-FOR RE,12
CABLE ONE INC,12
US SHIPPING PARTNERS CORP,12
Park Avenue Funding Trust 2020-1,12
GENON ENERGY INC,12
RADNET MANAGEMENT INC,12
XOMETRY SER D CVT PFD STOCK PP,12
ALGOMA STEEL SCA,12
ARENA BRANDS HOLDING CORP,12
ALLEN MEDIA LLC,12
KANGDE XIN COMPOSITE MATERIAL GROUP CO LTD,12
DOUGLAS DYNAMICS LLC,12
FRAMEBRIDGE INC SR C CVT PFD P,12
Al-Eqbal Investment Co PLC,12
SMG US MIDCO 2 INC,12
ONE97 COMMUNICATIONS LTD,12
AFREN PLC COMMON STOCK GBP.01,12
Neiman Marcus Group Equity,12
Station Place Securitization T,12
SOUND BANK,12
SEELOS THERAPEUTICS INC,11
J P MORGAN CHASE COML MTG SECS TR 2014-DSTY,11
RIVIAN AUTOMOTIVE SERIES D CONVERTIBLE TC6WWEPT,11
CREDIT SUIS FT BS MTG SECS CRP,11
BRIGHT HEALTH SER E CVT PFD STOCK PP,11
FSGRWCO WU HOLDINGS LLC,11
AEVI GENOMIC MEDICINE INC,11
AQUAMED TECHNOLOGIES INC,11
FAIG SS HOLDINGS LLC,11
GRII ER2 HOLDINGS LLC,11
ARAGON JUNIOR MEZZ,11
FSMCFD ER2 HOLDINGS LLC,11
FSGRWCO MP HOLDINGS LLC,11
FSGRWCO CB HOLDINGS LLC,11
LIGAND PHARMACEUTICALS INC,11
FORESIGHT ENERGY LLC EQUITY,11
"VERITAS-B JUNIOR MEZZ C, LLC",11
MURRAY ENERGY CORP,11
California Resources Corporation,11
FSGRWCO AB HOLDINGS LLC,11
RPI 2019 INTERMEDIATE FINANCE TRUST,11
FSGRWCO TB2 HLDG LLC,11
I-PULSE INC,10
TANIUM CLASS B COMMON STK,10
COUPANG LLC,10
CONT TC HOLDINGS LLC,10
FSOIFD TC HOLDINGS LLC,10
TOBIRA THERAPEUTICS INC,10
MESOSPHERE INC,10
TNT CRANE and RIGGING LLC,10
MYT Holding LLC,10
FERROGLOBE REPRESENTATION and WARRANTY INSURANCE TRUST,10
ZENPAYROLL INC CVT PFD SER C PP,10
LIGHT SCIENCES ONCOLOGY INC,10
CAVA GRP SERIES E CVT PFD,10
"INSITRO,INC.SERIES B PP",10
OLIVO LABS LLC,10
PG&E CORP,10
FANIFA TC HOLDINGS LLC,10
SWEETGREEN INC CVT SER I PP,10
WHEELS UP PARTNERS HOLDINGS LLC,10
GET HEAL INC,10
FANIFB WM HLDGS LLC,10
"STASH FINANCIAL, INC.",10
EVOLVE VACA RENTAL NET,10
KREF HOLDINGS X,10
Windstream Holdings Inc,10
RENT THE RUNWAY SER F CVT PFD STOCK PP,10
FRAMEBRIDGE,10
CHIME BIOLOGICS LIMITED,10
DOVA PHARMACEUTICALS INC,10
CLEMENTIA PHARMACEUTICALS INC,10
PROGENIC PHARMACEUTICALS INC.,10
MINTED,10
RK HOLDCO (MEMBERSHIP INTEREST) LLC PP,10
CONTK TC HOLDINGS LLC,10
ADAGIO THERAPUTICS INC,10
NMG PARENT LLC. WTS 24 SEP27,10
MILM WM HLDGS LLC,10
ZENPAYROLL (GUSTO) SER D,10
ADICET BIO INC,10
PROCORE TECH SER B CVT TC3E57AJ8,10
JAND INC. SERIES F CVT PFD STO,10
MYT HOLDING LLC,10
BIONTECH AG,9
OUTSET MEDICAL SERIES E CVT PFD STOCK PP,9
MAPLEBEAR DBA INSTACART NON-VOTING PP,9
XOMETRY SER SEED-2 CVT PFD STOCK PP,9
INSITRO SER B CVT PFD PP,9
SEISMIC SOFTWARE SER F CVT PFD STOCK PP,9
XOMETRY SER SEED-1 CVT PFD STOCK PP,9
OUTSET MEDICAL INC PP,9
USI INC/NY,9
MAPLEBEAR DBA INSTACART SER G CVT PFD ST,9
SOCIETE GENERALE SA,8
STARWOOD PROPERTY TRUST INC,8
OUTSET MEDICAL,8
BRACKET INTERMEDIATE HOL,8
PHOENIX GUARANTOR INC,8
COGENT BIOSCIENCES INC,8
FN SANTA FE WEST 10 YEAR /US/99TNHEKYX,8
TERRAFORM POWER OPERATING,8
AT&T MOBILITY II LLC,8
China Motor Corp,8
WATERBRIDGE MIDSTREAM OP,8
UBS COML MTG TR 2012-C1,8
GOVERNMENT NATIONAL MORTGAGE ASSOCIATION GNMA_20-H05,8
RemainCo LLC,8
ANSWERS CORPORATION,8
GOVERNMENT NATIONAL MORTGAGE ASSSOCIATION GNMA_20-21,8
HERSCHEND FAMILY ENT,8
Soulbrain Holdings Co Ltd,8
IVANTI SOFTWARE INC,8
RENAISSANCE HOLDINGS COR,8
MOOD MED BWR/MOOD MED CO,8
JACK COOPER HOLDINGS CORP,8
MITCHELL INTERNATIONAL,8
BOMFT_20-LT1,8
RHODIA ACETOW MANAGEMENT,8
OSAKA EXCHANGE,8
WASH Multifamily WASMUL TL 2L USD,8
ATLAS AIR 1999-1 CLASS B,8
HOMER CITY GENERATION LP,8
APPLOVIN CORP,8
GOLDMAN SACHS & CO. LLC,8
SNOWFLAKE INC. CLASS B TC8Q0SS64,8
BW GAS & CONVENIENCE HOL,8
WESCO AIRCRAFT HARDWARE COR,8
MIRAGEN THERAPEUTICS,8
APTEAN INC,8
ARGENT LETRAS DEL TESORO,8
VROOM INC SERIES H,8
Sotheby's,8
SPRINT COMMUNICATIONS INC,8
VISKASE COMPANIES INC.,8
FRAMEBRIDGE INC,8
Jane Street Group LLC,8
AMERICAN RENAL HOLDINGS,8
BAYVIEW OPPORTUNITY MASTER FUND TRUST BOMFT_20-RN3,8
RING CONTAINER TECHNOLOG,8
POWERTEAM SERVICES LLC,8
ANGLESEA FUNDING LLC,8
SONDER CANADA INC,8
Park View Tmk,8
TWIN RIVER WORLDWIDE HLD,8
LAMAR MEDIA CORP,8
Mackay Shields Euro CLO,8
PROJECT BOOST PURCHASER,8
PHI INC,8
IHEART COMMUNICATIONS ESCROW,8
OUTSET MEDICAL PP,8
SABERT CORP,8
ONVOYL TL 1L USD Corp,8
MGM RESORTS INTL,8
API GROUP DE INC,8
Avaya Inc,8
"BANK OF AMERICA, NATIONAL ASSOCIATION",8
WASH MULTIFAMILY LAUNDRY SYSTEMS LLC 1ST LIEN TERM B,8
CIM_20-R4,8
LENDING CLUB RECEIVABLES TRUST SERIES LCRT_20-JPSL,8
COLT FUNDING LLC COLT_20-1R,8
ARROYO MORTGAGE TRUST ARRW_20-1,8
ALTRA INDUSTRIAL MOTION,8
NO AMERICAN LIFTING HOLD,8
HSIN CHONG GROUP HOLDINGS LT,8
UGI ENERGY SERVICES LLC,8
SEQUA MEZZANINE HOLDINGS LL,8
AMH NEW FINANCE INC,8
JETCLOSING INC,8
TANIUM CLASS B COMMON STOCK,8
ENCINO ACQUISITION PARTN,8
WHEELOCK AND CO LTD,8
SUNDYNE US PURCHASER INC,8
STONN_20-1,8
STEPSTONE GRP LP TX BLOCKER CL A PP,8
NAI ENTER HOLDINGS LLC,8
WASH MULTIFAMILY LAUNDRY SYS TL B USD CORP,8
CHURCHILL DOWNS INC,8
Hanson International Tbk PT,8
ALLEGRO MICROSYSTEMS INC,8
DRAFTKINGS INC  PP,8
ACADIA HEALTHCARE CO INC,8
Tongaat Hulett Ltd,8
ULTRA RESOURCES INC,8
ARIVO ACCEPTANCE LLC,8
PODS LLC,8
CHINOOK THERAPEUTICS INC,8
SCLR_19-3,8
Flavors Holdings Inc.,8
J P MORGAN CHASE COML MTG SECS TR 2011-C3,8
CHINA HUISHAN DAIRY HOLDINGS,8
SCLR_19-2,8
US SALT LLC,8
TKC HOLDINGS INC,8
CONSOLIDATED CONTAINER CO,8
L1C LLC L1C_20-1,8
AMBRX INC,8
CROWN POINT CAPITAL CO,8
WASH MULTIFAMILY,8
FOUNDATION FINANCE TRUST FFIN_20-1A,8
JUPIT-1A A SONIA3M +90BP,8
NOURYON USA LLC,8
RED LOBSTER MANAGEMENT LLC,8
DUN & BRADSTREET CORP,8
FRONTIER COMMUNICATIONS,8
FREDDIE MAC FHLMC_4993M,8
ZENPAYROLL INC PP,8
1LIFE HEALTHCARE INC,8
MICHAELS STORES INC,8
COMMSCOPE INC,8
GOLDEN ENTERTAINMENT INC,8
ALDEVRON LLC,8
VS BUYER LLC,8
Tropicana Entertainment LLC / Tropicana Finance Corp,8
IMMUCOR INC,8
Affinion Group Holdings Inc,8
SAGE BORROWCO LLC,8
CDS CANADA 4 LP,8
SK BIOPHARMACEUTICALS CO LTD,8
APIDOS CDO APID_12-11A,8
NORTHWEST FIBER LLC,8
PROGRESS RESIDENTIAL TRUST PROG_20-SFR3,8
BNP PARIBAS SECURITIES CORP.,8
PROCORE TECH SER B CVT,8
PANTHER BF AGGREGATOR 2,8
ATKINS NUTRITIONALS HLDS,8
REYNOLDS GROUP HOLDINGS INC,8
GCAT_20-3,8
Quintis Ltd,8
FN DUS WHITE BEAR WOODS /US/99TKWMVNO,8
Government National Mortgage Association,8
DEST WM HLDGS LLC,7
SRAX INC,7
SNOWFLAKE INC.,7
ARISTEA THERAPEUTICS INC,7
UNUM THERAPEUTICS INC,7
WFRBS COML MTG TR 2012-C7,7
DEST TB2 HLDG LLC,7
CEC ENTERTAINMENT INC,7
SOCIAL FINANCE(DBA SOFI)VOTING,7
UBS-BAMLL TR 2012-WRM,7
APITURE INC PP,7
PULSE BIOSCIENCES INC,7
JP MORGAN CHASE COML MTG SECS TR 2012-CIBX,7
NATIONAL RESILIENCE SER B CVT PFD STOCK,7
FREENOME INC,7
HONOR TECHNOLOGY SER D CVT PFD PP,7
CONFORMAL MEDICAL INC,7
NERDWALLET CL A COMMON S,7
REFLEXION MEDICAL INC CVT,7
GENTIVA HEALTH SERVICES,7
NEWPAGE CORP,7
NUVIA INC,6
TRICOLOR AUTO SECURITIZATION TAST_20-1A,6
Allied Properties HK Ltd,6
OCUPHIRE PHARMA INC,6
"NURO, INC.",6
MAPLEBEAR DBA INSTACART L MAPLEBEAR DBA INSTACART L,6
UIPATH INC SER E,6
OFFER UP SERIES F CVT PFD STK,6
ADM HOLDINGS LLC,6
NATIONSTAR HECM LOAN TRUST NHLT_20-1A,6
DINO GRANDPARENT INC,6
Union Bank of Israel,6
INSTACART INC,6
"Pier 1 Imports (U.S.), Inc.",6
VERA THERAPEUTICS INC,6
JETCLOSING SER B 1 CVT,6
AGILITI HEALTH INC,6
LGCAP ER2 HOLDINGS LLC,6
GCAT,6
LONGVIEW INTERMEDIATE HOLDINGS LONGVIEW INTERMEDIATE HOLDINGS,6
FARMERS BUSINESS NETWORK,6
ALGOMA STEEL GP,6
PENSON WORLDWIDE INC,6
XOMETRY SER D CVT PFD STOCK,6
XOMETRY SER C CVT PFD STOCK,6
Good Resources Holdings Ltd,6
Salmat Ltd,6
VROOM INC,6
Longview Power LLC,6
XOMETRY SER A 2 CVT PFD STC,6
JETCLOSING INC SR B CVT,6
ROTECH HEALTHCARE INC,6
CARIS LIFE SCIENCES SER C CVT,6
FAR Ltd,6
PROGNOMIQ INC,6
ALLBIRDS SERIES E CVT PFD,6
ZENPAYROLL INC SER B CVT,6
MIRANT CORP,6
XOMETRY SER SEED 2 CVT PFD,6
SEISMIC SOFTWARE SER F,6
Lookers PLC,6
XOMETRY SER E CVT PFD STOCK,6
Hiroshima Bank Ltd/The,6
Accordia Golf Trust,6
HASHICORP SER E CVT PFD PP,6
MARRIOTT OWNERSHIP RESORTS,6
CSMC 2020-11R 1A1,6
"FLAME BIOSCIENCES, INC. PP",6
TRUGREEN LP,6
TAYSHA GENE THERAPIES INC,6
FABIO AB HOLDINGS LLC,6
MIDCAP ER2 HOLDINGS LLC,6
GOODGREEN GOODG_17-R1A,6
XOMETRY SER B CVT PFD STOCK,6
NURO SERIES C CVT PFD STOCK,6
XOMETRY SER SEED 1 CVT PFD,6
CURIE MERGER SUB LLC,6
RAPT THERAPEUTICS SR C-2 CVT PFD PP,6
ZENPAYROLL INC SER B 2,6
MAPLEBEAR DBA INSTACART S,6
VANGUARD NATURAL RESOURCES INC,6
BRIGHT HEALTH SER E CVT PFD,6
FARMERS BUSINESS NETWORK INC CVT SR E PP,5
GO MAPS INC SERIES B-1 CVT PFD PP,5
WHEELS UP PART HLDGS TAX BLOCKER CL D PP,5
NORTH AMERICAN LIFTING HOLDINGS INC,5
LINENS N THINGS INC ESCROW,5
BABY-CO LLC,5
JAND (DBA WP) SER B CVT,5
CPI HOLDCO LLC,5
BRIGHTOIL,5
SEER SER D-1 CVT PFD STOCK PP,5
EVERNOTE CORPORATION,5
FLEXE SERIES C CVT PFD STOCK,5
ZIPLINE INTERNATIONAL INC,5
KONTOOR BRANDS INC,5
SMURFIT-STONE ESCROW EQUITY,5
NURO INC/CA,5
GO MAPS INC,5
NORTHVOLT AB - RESTRICTED,5
APOLLO CMMRL REAL EST FIN IN,5
MATTRESS FIRM INC,5
ZOMATO PVT LTD,5
FSGRWCO OSH HOLDINGS LLC,5
JETCLOSING INC SR A CVT PFD,5
TOAST SERIES E CVT PFD STOCK PP,5
AMPCO-PITTSBURGH CORP,5
FARM BUS INC PRIVATE,5
ATEA PHARMACEUTICALS SER D,5
ZYMERGEN INC D PREF STOCK,5
Engie SA,5
RECORDED BOOKS INC,5
GROWTHCO OSH HOLDINGS LLC,5
BARRACUDA NETWORKS INC,5
COMMERCEHUB INC,5
BRAZOS DELAWARE II LLC,5
INTACT FINANCIAL CORP,5
VANTAGE DRILLING CO,5
C4 THERAPEUTICS SER B CVT PF,5
GROWTHCOK6 OSH HOLDINGS LLC,5
JAND (DBA WP) SER AA CVT,5
NEW COTAI PARTICIPATION CL B,5
MILM OSH HOLDINGS LLC,5
NVA Holdings TL A-3 1L Bank Debt,5
Goodgreen Trust,5
SCIH SALT HOLDINGS INC,4
CSMC SER 2014-3R,4
ServiceMaster Company LLC (The),4
VISTA POINT SECURITIZATION TRU,4
PROJECT CHRISTMAS,4
SPST_20-3-A,4
Murray Energy Corp,4
TELESAT LLC,4
GERERATION BIO,4
Unilever Ghana PLC,4
CATALENT PHARMA SOLUTION,4
CHK BACKSTOP,4
MACDONALD DETTWILER & AS,4
Series A-4 CVT Pfd,4
Su Casita,4
CREDIT CHINA FINTECH HOLDING,4
MI Windows and Doors Inc,4
FOGHORN THERAPEUTICS INC,4
FANNIE MAE 2.5% 10/25/2040,4
ALTERRA MOUNTAIN COMPANY,4
OPTION CARE HEALTH WARRANTS CLASS B,4
IRON MOUNTAIN INC,4
CABOT MICROELECTRONICS C,4
THRIVE EARL DET SER B CVT,4
MIDCAP WM HLDGS LLC,4
AJAXM_20-A-B,4
ALERIS CORP,4
WEST CORP,4
US CONCRETE INC,4
INVA TL B 1L USD,4
FAN Milk Ltd,4
Arab Potash/The,4
BIDFAIR MERGERIGHT INC,4
AJAXM_20-A-A,4
City Cars,4
ANGEL OAK MORTGAGE TRUST,4
MAPLEBEAR DBA INSTACART SER A,4
TRAVERSE MIDSTREAM PARTN,4
GTT COMMUNICATIONS INC,4
PLANVIEW PARENT INC,4
DEUTSCHE BANK AKTIENGESELLSCHAFT,4
BUWOG-GEMEINNUETZIGE WOHNUNG,4
SOLE REALISATION CO PLC,4
SAFFRON BORROWCO LLC,4
Ligado A-0 Preferred Equity,4
RE/MAX LLC,4
WEWORK INC SER D 2 CVT,4
CALIFORNIA RES CORP PIPE,4
KRONOS BIO INC,4
KAR AUCTION SERVICES INC,4
SU CASITA,4
FNMA 30YR POOL,4
XPLORNET COMMUNICATIONS,4
FN 2.57 01JUL30,4
BASS PRO GROUP LLC,4
AGELLAN PORTFOLIO,4
SEMINOLE TRIBE,4
FRONTERA GENERATION HOLD,4
WASHINGTON MUTUAL BANK FA,4
SS&C EUROPEAN HOLDINGS SARL,4
GVC HOLDINGS PLC,4
SINOVAC BIOTECH LTD,4
EDGEWELL PERSONAL CARE,4
MARCEL BIDCO LLC,4
ARCONIC ROLLED PRODUCTS,4
RESI FIN PARTNERSHIP/RESI FIN,4
MRAIT_19-3,4
SHATTUCK LABS,4
MEREDITH CORP,4
SS&C TECHNOLOGIES INC,4
PRAIRIE ECI ACQUIROR LP,4
API GROUP TERM B 1LN 10/01/26,4
LANTHEUS HLDGS INC,4
VISTA ENERGY RIGHTS,4
UOS LLC,4
EVO PAYMENTS INTL,4
BY CROWN PARENT LLC,4
ENCINO ACQUISITION PARTNERS HOLD,4
Hipotecaria Credito y Casa SA,4
CHUCK E. CHEESE TERM EXIT 1LN,4
Pug LLC,4
KRONOS BIO CONVERTIBLE,4
RAPT THERAPEUTICS,4
LEARNING CARE GROUP US NO 2,4
MRA Issuance Trust,4
"Foresight Energy, LLC",4
WFRBS COML MTG TR 2011-C4,4
WOK HOLDINGS INC,4
LINEAGE LOGISTICS LLC,4
VERSCEND HOLDING CORP,4
OW BUNKER A/S,4
FASTBALL MERGERSUB LLC,4
DYNATRACE LLC,4
HOYA MIDCO LLC,4
DRAFTKINGS INC,4
FREENOME HOLDINGS SER C CVT PFD PP,4
COMM 2014-CCRE17 MTG TR,4
ZODIAC POOL SOLUTIONS,4
KDX,4
NORTHRIVER MIDSTREAM FIN,4
"PIHSIANG MACHINERY MFG. CO., L",4
QUEST SOFTWARE US HOLDINGS,4
ARIVO 2018 1 A FRN 15 SEP 2019,4
QUORUM HEALTH CORP,4
TEAM HEALTH HOLDINGS INC,4
INVENERGY THERMAL OPERATING I LLC,4
MORGAN STANLEY BK AMER MERRILL LYNCH TR 2013-C7,4
OXBOW CARBON LLC,4
GS Mortgage-Backed Securities,4
KOLON TISSUEGENE INC,4
OMNITRACS LLC,4
IAA SPINCO INC,4
WEWORK INC SER D 1 CVT PRF STK,4
Onslow Bay Financial LLC,4
TELEMYND INC,4
Alrosa PJSC,4
EAGLEVIEW TECHNOLOGY CO,4
GATEWAY CASINOS & ENTERTAIN,4
TNT CRANE & RIGGING LLC,4
Amentum Government Services Holdings LLC,4
Clear Channel Communications Inc,4
GRAY TELEVISION INC,4
SMALL BUSINESS ADMIN,4
INNOCOLL HOLDINGS PLC,4
PROGNOMIQ SER B CVT PFD STOCK,4
G-III APPAREL GROUP LTD,4
Jordan Ahli Bank,4
B&G FOODS INC,4
INEOS ENTERPRISES HOLDIN,4
CUSHMAN & WAKEFIELD,4
INNOVIVA INC,4
GYP HOLDINGS III CORP,4
PLUTO ACQUISITION I INC,4
AYALA LAND-PREF,4
MIDCONTINENT COMMUNICATI,4
GARTNER INC,4
IHEART ESCROW,4
ARGUS MEDIA TERM B 1LN 9/24/26,4
EXELA INTERMEDIATE LLC,4
SELECT MEDICAL CORP,4
TRAVELPORT FINANCE LUXEM,4
ARAMARK SERVICES INC,4
BIG ASS FANS LLC,4
Wells Fargo Mortgage Backed Se,4
FORTITUDE GOLD CORP,4
AJAXM_20-A-C,4
UIPATH INC CL A COMMON STK,4
LUX HOLDCO III,4
ESCROW GENON ENERGY D05/11/11 10/20 9.875,4
510 Loan Acquisition Trust,4
AZEK CO LLC,4
VOLT 2020 FT1 PT FRN,4
GS MORTGAGE SECURITIES CORPORATION II,4
SILLAJEN INC,4
COMPUWARE CORP,4
CROSSFIRST BANKSHARES INC,4
GGP NIMBUS LP,4
MICHAELS STORES TERM B 1LN,4
CF FINANCE ACQUISITION CORP (PIPE) COMMON PIPE SHS,4
ANCHOR GLASS CONTAINER,4
NATIONSTAR HECM LOAN TRUST,4
UNIT CORP WTS EXP 09/03/27,4
Centaur Funding Corp,4
IQHQ INC,4
IRB HOLDING CORP,4
iHeart Communications (Escrow),4
OPTION HEALTHCARE INC CLASS A WARRANTS,4
RESIDEO FUNDING INC,4
DG INVESTMENT INTERMEDI,4
Series A-5 CVT Pfd,4
ANASTASIA PARENT LLC,4
OXEA CORP,4
A MENARINI INDUSTRIE FARMACEUTICHE RIUNITE SRL,4
AVAYA ESCROW BOND,4
ATOTECH ALPHA 3 BV,4
CLOUDERA INC,4
LCPR LOAN FINANCING LLC,4
NOBLE HLDG INTL LTD,4
PREGIS TOPCO CORP,4
CARROLL COUNTY ENERGY,4
SK INVICTUS INTERMEDIATE,4
Cornerstone Building Brands Inc,4
CA RESOURCES CORP NEW COM STOCK 6 mo lockup,4
ACNR HOLDINGS INC TERM 09/21/2027 DIP,4
KESTREL ACQUISITION LLC,4
CARNIVAL CORP,4
CAST & CREW PAYROLL LLC,4
ENERGIZER HOLDINGS INC,4
ALTICE USA TERM B-5 04/15/27,4
ERI TL B 1L USD Corp,4
DEL FRISCO'S RESTAURANT GROUP INC,4
Freddie Mac,4
DATABRICKS INC PP PP TC1NGB2O7,4
GARDA WORLD SECURITY,4
Remington Outdoor Co Inc,4
OPTION CARE HEALTH INC,4
GS MORTGAGE BACKED SECURITIES,4
RPI 2019 INTERMEDIATE FI,4
SYNEOS HEALTH INC,4
NVA HOLDINGS,4
ARRAY TECHNOLOGIES INC,4
INVITATION HOMES OPERATING PARTNERSHIP LP,4
ANCESTRY.COM OPERATIONS INC,4
CVS HOLDINGS I LP,4
INTERNATIONAL SEAWAYS OP,4
ABB Power Products & Systems I,4
SOTHEBYS TERM 1LN 01/23/2027,4
ALDEVRON TERM 1LN 09/20/2026,4
OCI PARTNERS LP,4
WELBILT INC,4
ALLIANT SERVICES SERIES A CVT PFD PP,4
BELLRING BRANDS LLC,4
Standard Chartered Bank Botswa,4
Atlantic Aviation FBO Inc,4
PROJECT SPRING BND/CORP,4
CITIGROUP INC.,4
SOPHIA LP,4
Barclays Bank PLC,4
COMM 2012-CCRE1 MTG TR,4
SHANGAI HENLIUS BIOTECH RI,4
Capital Bank of Jordan,4
CTOS LLC,4
Unit Corp,4
UIPATH INC PP,3
DMED BIOPHARMACEUTICAL CO LTD,3
TORCHYS HOLDINGS CVT PFD,3
GS MTG SECS TR 2019-GSA1,3
TOPICUS.COM INC,3
AES Gener SA,3
QUALIGEN THERAPEUTICS INC,3
INSCRIPTA INC,3
NATIONAL RESILIENCE INC,3
JAND (DBA WP) SER B CVT PFD PP,3
TRUMID HLDGS LLC J-B CVT PFD,3
ALKAMI TECHNOLOGY INC,3
JAND (DBA WP) SER AA CVT PFD PP,3
LES SCHWAB TIRE CENTERS,3
EQRX INC,3
VROOM INC SERIES G CVT PFD STOCK PP,3
VROOM INC CVT SER E PP,3
ABU DHABI COMMERCIAL BANK,3
KRONOS BIO CONVERTIBLE PROM NOTE PP,3
FAHEAL OSH HOLDINGS LLC,3
FTE NETWORKS INC,3
J P MORGAN CHASE COML MTG SECS TR 2011-C4,3
GS MTG SECS TR 2011-GC5,3
MARAVAI INTERMEDIATE HOL,3
TORCHYS HOLDINGS LLC CL A,3
GS MORTGAGE SECURITIES CORP,3
SOCIAL FINANCE (DBA SOFI) VOTING CS PP,3
PETVET CARE CENTERS LLC,3
TRUMID HLDGS LLC J-A CVT PFD,3
POSEIDA THERAPEUTICS INC,3
LOIRE FINCO LUXEMBOURG,3
SHIN KONG FINANCIAL - RTS,3
MORGAN STANLEY BK AMER MERRILL LYNCH TR 2013-C8,3
MERRILL COMMUNICATIONS L,3
MIDWEST VANADIUM PTY LTD,3
HIGH RIDGE ESCROW BOND,3
COMM 2013-LC6 MTG TR,3
MINERALS TECHNOLOGIES INC,3
ALERIS INTERNATIONAL INC,3
FSN E-COMMERCE VENTURES PVT LTD,3
MAPLEBEAR DBA INSTACART S MAPLEBEAR DBA INSTACART S,3
DOUBLEVERIFY INC,3
SIAM CEMENT NVDR - RTS,3
JONAH ENERGY LLC / JONAH ENERGY FINANCE CORP,3
FISERV INVESTMENT SOLUT,3
IMMUNEERING SER B CVT PFD STOCK PP,2
CREATIVE SCIENCE PROPERTIES IN,2
CEREVEL THERAPEUTICS HOLDINGS,2
NUSTAR ENERGY LP,2
CONTRA ADURO BIOTECH I,2
CLAROS MORTGAGE TRUST IN,2
IQHQ Inc,2
WCH III HOLDCO INC,2
SOMALOGIC SERIES A CVT PFD STOCK PP,2
FLEXE SERIES C CVT PFD STK,2
AI ALPINE US BIDCO INC,2
"PERU, REPUBLIC OF",2
LIANBIO SERIES A CVT PFD STOCK PP,2
NAVISTAR INC,2
SCHULMAN (A) INC,2
TEMPUS LABS SERIES G-2 CVT PFD STOCK PP,2
DATABRICKS,2
LONGBOARD PHARMA SER A CVT PFD STOCK PP,2
COLOR GENOMICS SER D CVT PFD STOCK PP,2
HUSKIES PARENT INC,2
LONGBOARD PHARMA SER A CVT,2
ZENPAYROLL INC SER B CVT PFD PP,2
TEMPUS LABS SERIES G 2,2
PACIFIC GAS and ELECTRIC CO,2
MRA ISSUANCE TRUST,2
UNIT CORP,2
THORNBURG MTGE INC,2
SIAM CEMENT PUB CO LTD,2
NATIONAL RESILIENCE SER B CVT,2
EVOLVE VACA RENT NET CVT PF,2
RELATIVITY SPACE INC,2
GENESIS THERA SER A CVT PFD,2
STASH FINANCIAL SER F CVT PFD,2
EIG MANAGEMENT CO LLC,2
SRAM LLC,2
EXIDE INTERNATIONAL HOLDINGS LP,2
SENTINEL ENERGY,2
TENAYA THERA SERIES C CVT PFD STOCK PP,2
VETCOR PROFESSIONAL PRAC,2
GENESIS THERA SER A CVT PFD STOCK PP,2
CHAPARRAL ENERGY INC-NEW,2
SILVERBACK THERAPEUTICS INC,2
FIGS INC PP,2
COLOR GENOMICS SERIES D 1 CVT,2
KINNATE BIOPHARMA INC,2
FARMERS BUSINESS NETWORK INC CVT SR F PP,2
SERVICETITAN INC SR E CVT PF,2
PRESIDIO HOLDING INC,2
IMAGO BIOSCIENCES SER C CVT,2
JETCLOSING INC UNSEC PROM NOTE PP,2
HONOR TECH INC. SERIES D PP,2
VELOSBIO SER B CVT PFD PP,2
ANTENGENE CORPORATION (HONG KONG) LIMITED,2
DSWISS INC,2
SPACE EXPLORATION TECH,2
GENERAL MOTORS CO ESCROW,2
ALLIANT HLDGS INTERMEDIATE LLC,2
VelosBio Holdback Consideration PP,2
OAK STREET HEALTH LLC TAX BLOCKER PP,2
TRUCK HERO INC,2
ENEVATE CORPORATION,2
RENT-A-CENTER INC,2
COLOR GENOMICS SER D CVT,2
"JAND, Inc.",2
BLUE NILE INC,2
IMAGO BIOSCIENCES SER C CVT PFD STOCK PP,2
PDL BIOPHARMA INC,2
ZENPAYROLL INC SER B-2 CVT PFD PP,2
WCH HOLDCO INC,2
Color Genomics Series D-1 CVT Pfd Stock PP,2
TENAYA THERA SERIES C CVT,2
GITLAB CLASS B COMMON,2
AKORN INC,1
SEBIA SA,1
NEW TROJAN PARENT INC,1
Newmont Corp,1
SOUTHERN VETERINARY PART,1
SAEXPLORATION HOLDINGS INC,1
ALCHEMY COPYRIGHTS LLC,1
GS FINANCE CORP,1
ARGENTINA REPUBLIC OF,1
DELIVER BUYER INC,1
ASP CHROMAFLO INTERMEDIATE HOL,1
TOWNSQUARE MEDIA INC,1
HI CRUSH INC,1
CNVBTBLE TRUST ENGY 2019,1
ASSUREDPARTNERS INC,1
TENAYA THERAPEUTICS INC,1
GITLAB CLASS B COMMON STOCK,1
FASTLANE PARENT CO INC,1
DENTAL CORP OF CANADA,1
MAPLEBEAR DBA INSTACART SER A CVT PFD ST,1
GS MTG SECS TR 2012-GCJ7,1
BVRT FINANCING TRUST,1
CERIDIAN HCM HOLDING INC,1
CONVERTIBLE TRUST,1
GRAFTECH FINANCE INC,1
ALLBIRDS SERIES E CVT PFD STOCK PP,1
HI-CRUSH INC,1
IGO LTD - RTS,1
PRO MACH GROUP INC,1
WRIGHT MEDICAL GROUP NV,1
GEMINI HDPE LLC,1
PACIFIC DRILLING V LTD,1
OFFER UP SERIES F CVT PFD STOCK,1
INNOPHOS HOLDINGS INC,1
GDF SUEZ,1
VERITAS MULTIFAMILY PORTFOLIO POOL A,1
Tricolor Auto Securitization Trust,1
Aduro Biotech CVR,1
NAVICURE INC,1
EDELMAN FINANCIAL CENTER,1
MILACRON LLC,1
VISIONCHINA MEDIA INC,1
MEN S WEARHOUSE,1
JETCLOSING SER B-1 CVT PFD STOCK PP,1
CNV TRUST MS 2019 1,1
VUNGLE INC,1
CREDIT SUISSE NASSAU,1
BRIGHTOIL PETRO,1
ALIXPARTNERS LLP,1
LS GROUP OPCO ACQUISITIO,1
CEC ENTERTAINMENT CO LLC,1
SOULBRAIN HOLDINGS CO LTD,1
SESI LLC,1
HLB Inc,1
BLACKSTONE MORTGAGE TR,1
JETCLOSING SER B-2 CVT PFD STOCK PP,1
IKENA ONCOLOGY INC,1
PAN AMERN SILVER CORP,1
MORGAN STANLEY CAP I TR 2011-C3,1
